João Silva,999.001.001-01
Maria Oliveira,999.001.002-02
Pedro Santos,999.001.003-03
Ana Costa,999.001.004-04
Carlos Almeida,999.001.005-05
Mariana Rodrigues,999.001.006-06
Lucas Pereira,999.001.007-07
Sofia Fernandes,999.001.009-09
Gabriel Lima,999.001.010-10
Laura Barbosa,999.001.011-11
Rafael Gomes,999.001.012-12
Vitória Mendes,999.001.013-13
Felipe Nunes,999.001.014-14
Isabela Rocha,999.001.015-15
Guilherme Carvalho,999.001.016-16
Lívia Dias,999.001.017-17
Bruno Freire,999.001.020-20
Juliana Ribeiro,999.001.021-21
Daniel Castro,999.001.022-22
Beatriz Souza,999.001.023-23
Thiago Martins,999.001.024-24
Manuela Ferreira,999.001.025-25
Eduardo Borges,999.001.026-26
Camila Vieira,999.001.027-27
Alexandre Pires,999.001.028-28
Helena Correia,999.001.029-29
Gustavo Rocha,999.001.030-30
Larissa Neves,999.001.031-31
André Conceição,999.001.032-32
Patrícia Freitas,999.001.033-33
Rodrigo Duarte,999.001.034-34
Mônica Sales,999.001.036-36
Sérgio Rezende,999.001.037-37
Vanessa Silveira,999.001.038-38
Ricardo Melo,999.001.039-39
Clara Bernardes,999.001.040-40
Roberto Azevedo,999.001.041-41
Elisa Fontes,999.001.042-42
Marcelo Guerra,999.001.043-43
Natália Teixeira,999.001.044-44
Fábio Cordeiro,999.001.045-45
Paula Nunes,999.001.046-46
Vinícius Mendes,999.001.047-47
Aline Peixoto,999.001.048-48
Renato Dantas,999.001.049-49
Teresa Alencar,999.001.050-50
Diego Queiroz,999.001.051-51
Brenda Xavier,999.001.052-52
Thiago Moraes,999.001.053-53
Júlia Magalhães,999.001.054-54